{"SC": {"moda": 850.0, "mediana": 653.0, "media": 649.5376527422563, "desvio_padrao": 97.23349279343314}, "RS": {"moda": 850.0, "mediana": 650.0, "media": 651.1051428571428, "desvio_padrao": 95.1365984138358}, "PR": {"moda": 850.0, "mediana": 650.0, "media": 648.9612940496822, "desvio_padrao": 98.60718591309755}}